{
  "operators": [
    {
      "nodeType": "onnx::Conv",
      "nodeAttributes": {
        "dilations": [
          1,
          1
        ],
        "group": 1,
        "kernel_shape": [
          3,
          3
        ],
        "pads": [
          1,
          1,
          1,
          1
        ],
        "strides": [
          1,
          1
        ]
      },
      "nodeInputs": [
        "input_0",
        "0_weight",
        "0_bias"
      ],
      "nodeOutputs": [
        "out_0_1"
      ],
      "nodeDType": [
        "Float"
      ]
    },
    {
      "nodeType": "onnx::BatchNormalization",
      "nodeAttributes": {
        "epsilon": 1e-05,
        "momentum": 0.1,
        "num_features": 4,
        "training_mode": 0
      },
      "nodeInputs": [
        "out_0_1",
        "1_weight",
        "1_bias",
        "1_running_mean",
        "1_running_var"
      ],
      "nodeOutputs": [
        "out_1_2"
      ],
      "nodeDType": [
        "Float"
      ]
    },
    {
      "nodeType": "onnx::Relu",
      "nodeAttributes": {},
      "nodeInputs": [
        "out_1_2"
      ],
      "nodeOutputs": [
        "out_2_3"
      ],
      "nodeDType": [
        "Float"
      ]
    }
  ],
  "initializers": {
    "0_weight": {
      "shape": [
        4,
        1,
        3,
        3
      ],
      "dtype": "Float",
      "data": [
        0.2577325105667114,
        0.06509339809417725,
        0.0521802119910717,
        -0.2288244217634201,
        -0.004512985702604055,
        0.2932957410812378,
        -0.25870296359062195,
        0.30721014738082886,
        -0.1434868574142456,
        -0.03221039101481438,
        -0.11178223788738251,
        -0.01615067385137081,
        -0.07853822410106659,
        0.144917294383049,
        -0.04410378262400627,
        0.1299957036972046,
        -0.12172012031078339,
        -0.24020302295684814,
        0.02351534366607666,
        -0.042404692620038986,
        0.1445665806531906,
        0.16470324993133545,
        -0.11145075410604477,
        -0.056266188621520996,
        0.3280503749847412,
        -0.29556477069854736,
        -0.28743061423301697,
        -0.07705914974212646,
        0.18514618277549744,
        -0.3124164342880249,
        0.158172607421875,
        -0.2573558986186981,
        0.21236979961395264,
        0.053705375641584396,
        -0.04445481300354004,
        -0.2805026173591614
      ]
    },
    "0_bias": {
      "shape": [
        4
      ],
      "dtype": "Float",
      "data": [
        -0.09138747304677963,
        0.1607166975736618,
        0.21908733248710632,
        -0.1822829693555832
      ]
    },
    "1_weight": {
      "shape": [
        4
      ],
      "dtype": "Float",
      "data": [
        1.0,
        1.0,
        1.0,
        1.0
      ]
    },
    "1_bias": {
      "shape": [
        4
      ],
      "dtype": "Float",
      "data": [
        0.0,
        0.0,
        0.0,
        0.0
      ]
    },
    "1_running_mean": {
      "shape": [
        4
      ],
      "dtype": "Float",
      "data": [
        0.0,
        0.0,
        0.0,
        0.0
      ]
    },
    "1_running_var": {
      "shape": [
        4
      ],
      "dtype": "Float",
      "data": [
        1.0,
        1.0,
        1.0,
        1.0
      ]
    }
  },
  "inputs": {
    "input_0": [
      1,
      1,
      8,
      8
    ]
  },
  "outputs": {
    "out_2_3": null
  }
}