{
  "operators": [
    {
      "nodeType": "onnx::RNN",
      "nodeAttributes": {
        "hidden_size": 16,
        "input_size": 8,
        "num_layers": 1,
        "bidirectional": 0,
        "nonlinearity": "relu",
        "has_bias": 1,
        "activations": [
          "RELU"
        ]
      },
      "nodeInputs": [
        "input_0",
        "RNN_W",
        "RNN_R",
        "RNN_B"
      ],
      "nodeOutputs": [
        "out_RNN_1"
      ],
      "nodeDType": [
        "Float"
      ]
    }
  ],
  "initializers": {
    "RNN_W": {
      "shape": [
        1,
        16,
        8
      ],
      "dtype": "Float",
      "data": [
        0.07811108231544495,
        0.20315021276474,
        0.060347020626068115,
        -0.24525293707847595,
        0.17904698848724365,
        0.20052695274353027,
        -0.18047678470611572,
        0.1241426169872284,
        0.0020818114280700684,
        -0.20891910791397095,
        -0.15974649786949158,
        0.20758843421936035,
        0.19758760929107666,
        -0.07233422994613647,
        0.196091890335083,
        0.1675475537776947,
        -0.050420939922332764,
        0.24021697044372559,
        0.1718098521232605,
        -0.03460302948951721,
        -0.1023256778717041,
        0.13334086537361145,
        0.19029366970062256,
        0.24588865041732788,
        -0.1686018705368042,
        0.0029044747352600098,
        0.06350687146186829,
        -0.19024482369422913,
        -0.019522041082382202,
        -0.2472999393939972,
        -0.16347172856330872,
        -0.17102202773094177,
        -0.2213340699672699,
        -0.20785173773765564,
        -0.08545467257499695,
        -0.10682252049446106,
        -0.1410847008228302,
        -0.07436692714691162,
        0.12057766318321228,
        -0.07352280616760254,
        0.22318118810653687,
        -0.192887544631958,
        0.21733838319778442,
        0.1699599325656891,
        -0.1533079445362091,
        0.087119460105896,
        -0.23136559128761292,
        0.10632947087287903,
        -0.001986682415008545,
        0.020824521780014038,
        0.22957950830459595,
        0.0641222894191742,
        0.04648399353027344,
        0.02596995234489441,
        0.007069826126098633,
        0.13306131958961487,
        0.18411260843276978,
        -0.11617574095726013,
        -0.029082894325256348,
        -0.0849372148513794,
        -0.07367408275604248,
        0.0038253068923950195,
        0.17439454793930054,
        0.009599685668945312,
        -0.17360085248947144,
        0.02551037073135376,
        -0.1615806221961975,
        0.1411166489124298,
        0.24295362830162048,
        0.1831463873386383,
        0.04900944232940674,
        0.22526505589485168,
        0.17773336172103882,
        -0.2275678813457489,
        -0.057842642068862915,
        -0.11066564917564392,
        -0.14704281091690063,
        -0.14296993613243103,
        0.03804975748062134,
        -0.22004082798957825,
        0.14774617552757263,
        -0.07202351093292236,
        -0.07538643479347229,
        0.13169071078300476,
        -0.14109843969345093,
        0.02069494128227234,
        -0.05471709370613098,
        -0.10523998737335205,
        0.05665630102157593,
        0.012754708528518677,
        -0.13388454914093018,
        -0.040848881006240845,
        0.00019535422325134277,
        0.18872767686843872,
        0.15187403559684753,
        -0.13190382719039917,
        -0.2434859275817871,
        -0.2460678517818451,
        0.032701343297958374,
        -0.01567751169204712,
        -0.06707656383514404,
        0.09898838400840759,
        -0.08622962236404419,
        0.2313375174999237,
        -0.2490532100200653,
        0.053238749504089355,
        0.15280643105506897,
        -0.012342840433120728,
        -0.2280063033103943,
        0.12866368889808655,
        -0.17701926827430725,
        -0.17947477102279663,
        -0.13708162307739258,
        0.10833197832107544,
        -0.19711288809776306,
        0.06953108310699463,
        0.06640803813934326,
        0.15968364477157593,
        -0.06288203597068787,
        -0.04088786244392395,
        0.03396683931350708,
        -0.06737947463989258,
        0.040342867374420166,
        0.24977821111679077,
        -0.047267764806747437,
        -0.12327048182487488,
        0.06975138187408447,
        0.24977019429206848
      ]
    },
    "RNN_R": {
      "shape": [
        1,
        16,
        16
      ],
      "dtype": "Float",