{
  "operators": [
    {
      "nodeType": "onnx::RNN",
      "nodeAttributes": {
        "hidden_size": 16,
        "input_size": 8,
        "num_layers": 1,
        "bidirectional": 0,
        "nonlinearity": "tanh",
        "has_bias": 1,
        "activations": [
          "TANH"
        ]
      },
      "nodeInputs": [
        "input_0",
        "RNN_W",
        "RNN_R",
        "RNN_B"
      ],
      "nodeOutputs": [
        "out_RNN_1"
      ],
      "nodeDType": [
        "Float"
      ]
    }
  ],
  "initializers": {
    "RNN_W": {
      "shape": [
        1,
        16,
        8
      ],
      "dtype": "Float",
      "data": [
        -0.013289064168930054,
        -0.07905769348144531,
        0.02414688467979431,
        -0.02428358793258667,
        0.10792216658592224,
        0.06918355822563171,
        0.11844640970230103,
        -0.06592860817909241,
        0.05321589112281799,
        -0.06706392765045166,
        -0.012170135974884033,
        0.21053287386894226,
        -0.09578949213027954,
        -0.0720670223236084,
        0.008588999509811401,
        -0.215192049741745,
        -0.13315466046333313,
        -0.24912917613983154,
        0.2118009626865387,
        0.09987768530845642,
        0.2363487184047699,
        -0.07178828120231628,
        0.2001003623008728,
        -0.17742732167243958,
        -0.07509434223175049,
        -0.14646166563034058,
        -0.0800376832485199,
        0.015181660652160645,
        0.22035491466522217,
        0.13666632771492004,
        -0.16584137082099915,
        0.16095712780952454,
        -0.2452380657196045,
        0.17363974452018738,
        -0.20924970507621765,
        0.19600233435630798,
        -0.17013853788375854,
        0.051122963428497314,
        -0.10464686155319214,
        -0.051014721393585205,
        -0.1407639980316162,
        0.23992395401000977,
        -0.09393841028213501,
        0.03787913918495178,
        0.17405900359153748,
        0.01733112335205078,
        0.2142898142337799,
        -0.09639358520507812,
        -0.13040649890899658,
        -0.2252172827720642,
        0.1533372700214386,
        -0.16088679432868958,
        0.17841947078704834,
        -0.07720008492469788,
        0.025747150182724,
        0.17791444063186646,
        0.01690039038658142,
        0.10616603493690491,
        -0.0004044175148010254,
        0.07641428709030151,
        0.0312732458114624,
        -0.1971069872379303,
        -0.06314629316329956,
        -0.1897062361240387,
        0.010386049747467041,
        0.1491689383983612,
        -0.04777181148529053,
        -0.2049209475517273,
        0.09511816501617432,
        0.2291589081287384,
        0.12062385678291321,
        -0.030063509941101074,
        0.08777135610580444,
        -0.08561217784881592,
        0.0024480223655700684,
        -0.18287882208824158,
        -0.18180227279663086,
        0.12368100881576538,
        0.07030856609344482,
        -0.1455686390399933,
        -0.08021199703216553,
        -0.05029067397117615,
        -0.049990326166152954,
        -0.11461290717124939,
        0.15366512537002563,
        -0.006261974573135376,
        -0.1436745822429657,
        0.048123568296432495,
        -0.07265153527259827,
        -0.22437185049057007,
        -0.09822395443916321,
        0.1585870385169983,
        0.23901131749153137,
        0.23183536529541016,
        -0.21919921040534973,
        -0.13418924808502197,
        0.04418104887008667,
        -0.17315137386322021,
        -0.13960209488868713,
        0.16362184286117554,
        0.19660049676895142,
        -0.015194416046142578,
        0.024090081453323364,
        0.022889792919158936,
        -0.16494634747505188,
        0.03528061509132385,
        0.1253850758075714,
        0.09401968121528625,
        0.16556447744369507,
        -0.12154161930084229,
        0.008816689252853394,
        -0.14357155561447144,
        -0.0603976845741272,
        0.023132354021072388,
        0.014666050672531128,
        0.0036306679248809814,
        -0.019064277410507202,
        0.218758225440979,
        -0.24265584349632263,
        0.1279168426990509,
        -0.17351773381233215,
        -0.13558104634284973,
        0.04015070199966431,
        0.14776569604873657,
        0.20757803320884705,
        0.07816112041473389,
        -0.2284681797027588,
        -0.13091406226158142
      ]
    },
    "RNN_R": {
      "shape": [
        1,
        16,
        16
      ],
      "dtype": "Float",