{
  "operators": [
    {
      "nodeType": "onnx::Conv",
      "nodeAttributes": {
        "dilations": [
          1,
          1
        ],
        "group": 1,
        "kernel_shape": [
          3,
          3
        ],
        "pads": [
          1,
          1,
          1,
          1
        ],
        "strides": [
          1,
          1
        ]
      },
      "nodeInputs": [
        "input_0",
        "0_weight",
        "0_bias"
      ],
      "nodeOutputs": [
        "out_0_1"
      ],
      "nodeDType": [
        "Float"
      ]
    },
    {
      "nodeType": "onnx::BatchNormalization",
      "nodeAttributes": {
        "epsilon": 1e-05,
        "momentum": 0.1,
        "num_features": 4,
        "training_mode": 0
      },
      "nodeInputs": [
        "out_0_1",
        "1_weight",
        "1_bias",
        "1_running_mean",
        "1_running_var"
      ],
      "nodeOutputs": [
        "out_1_2"
      ],
      "nodeDType": [
        "Float"
      ]
    },
    {
      "nodeType": "onnx::Relu",
      "nodeAttributes": {},
      "nodeInputs": [
        "out_1_2"
      ],
      "nodeOutputs": [
        "out_2_3"
      ],
      "nodeDType": [
        "Float"
      ]
    }
  ],
  "initializers": {
    "0_weight": {
      "shape": [
        4,
        1,
        3,
        3
      ],
      "dtype": "Float",
      "data": [
        -0.2707313895225525,
        0.28170832991600037,
        -0.21134929358959198,
        -0.12437649816274643,
        0.31126338243484497,
        0.14279203116893768,
        -0.2972768545150757,
        0.15575306117534637,
        0.08266516774892807,
        -0.3152185082435608,
        -0.00976773165166378,
        -0.16658473014831543,
        -0.0849856585264206,
        0.23955237865447998,
        0.30426451563835144,
        0.014728149399161339,
        -0.2423447072505951,
        0.11220614612102509,
        0.15969884395599365,
        0.3261168599128723,
        0.11549993604421616,
        0.020137032493948936,
        -0.2870243191719055,
        0.10950060933828354,
        0.032716989517211914,
        0.15133187174797058,
        -0.18795058131217957,
        -0.20312651991844177,
        -0.08237429708242416,
        0.23290598392486572,
        0.05527961254119873,
        0.014902154915034771,
        -0.33323797583580017,
        0.05166637897491455,
        -0.09916055202484131,
        0.14044253528118134
      ]
    },
    "0_bias": {
      "shape": [
        4
      ],
      "dtype": "Float",
      "data": [
        0.12331978976726532,
        0.1253809630870819,
        0.10563775151968002,
        -0.18790392577648163
      ]
    },
    "1_weight": {
      "shape": [
        4
      ],
      "dtype": "Float",
      "data": [
        1.0,
        1.0,
        1.0,
        1.0
      ]
    },
    "1_bias": {
      "shape": [
        4
      ],
      "dtype": "Float",
      "data": [
        0.0,
        0.0,
        0.0,
        0.0
      ]
    },
    "1_running_mean": {
      "shape": [
        4
      ],
      "dtype": "Float",
      "data": [
        0.0,
        0.0,
        0.0,
        0.0
      ]
    },
    "1_running_var": {
      "shape": [
        4
      ],
      "dtype": "Float",
      "data": [
        1.0,
        1.0,
        1.0,
        1.0
      ]
    }
  },
  "inputs": {
    "input_0": [
      1,
      1,
      8,
      8
    ]
  },
  "outputs": {
    "out_2_3": null
  }
}