{
  "operators": [
    {
      "nodeType": "onnx::Conv",
      "nodeAttributes": {
        "dilations": [
          1,
          1
        ],
        "group": 1,
        "kernel_shape": [
          3,
          3
        ],
        "pads": [
          1,
          1,
          1,
          1
        ],
        "strides": [
          1,
          1
        ]
      },
      "nodeInputs": [
        "input_0",
        "0_weight",
        "0_bias"
      ],
      "nodeOutputs": [
        "out_0_1"
      ],
      "nodeDType": [
        "Float"
      ]
    },
    {
      "nodeType": "onnx::Relu",
      "nodeAttributes": {},
      "nodeInputs": [
        "out_0_1"
      ],
      "nodeOutputs": [
        "out_1_2"
      ],
      "nodeDType": [
        "Float"
      ]
    },
    {
      "nodeType": "onnx::MaxPool",
      "nodeAttributes": {
        "kernel_shape": [
          2,
          2
        ],
        "strides": [
          2,
          2
        ],
        "pads": [
          0,
          0,
          0,
          0
        ],
        "dilations": [
          1,
          1
        ],
        "ceil_mode": 0
      },
      "nodeInputs": [
        "out_1_2"
      ],
      "nodeOutputs": [
        "out_2_3"
      ],
      "nodeDType": [
        "Float"
      ]
    }
  ],
  "initializers": {
    "0_weight": {
      "shape": [
        4,
        1,
        3,
        3
      ],
      "dtype": "Float",
      "data": [
        0.11559566110372543,
        0.2729530930519104,
        0.2572728991508484,
        -0.1750742644071579,
        -0.053199730813503265,
        -0.2781391143798828,
        0.005282044410705566,
        0.14990036189556122,
        -0.13877038657665253,
        -0.24631425738334656,
        -0.14832453429698944,
        -0.09496502578258514,
        -0.14285048842430115,
        -0.028381388634443283,
        -0.25216740369796753,
        -0.21763455867767334,
        -0.1412183940410614,
        0.0726233720779419,
        -0.12024843692779541,
        0.24695806205272675,
        0.2571539580821991,
        -0.1526879072189331,
        0.2617904841899872,
        -0.19342359900474548,
        -0.16277825832366943,
        0.0938909500837326,
        0.23315930366516113,
        0.015345096588134766,
        0.03890883922576904,
        -0.15180489420890808,
        0.05181717872619629,
        0.17956241965293884,
        -0.037485163658857346,
        0.33165010809898376,
        0.30690211057662964,
        0.028646668419241905
      ]
    },
    "0_bias": {
      "shape": [
        4
      ],
      "dtype": "Float",
      "data": [
        -0.056445758789777756,
        0.03646926209330559,
        0.3159475028514862,
        0.1214628666639328
      ]
    }
  },
  "inputs": {
    "input_0": [
      1,
      1,
      8,
      8
    ]
  },
  "outputs": {
    "out_2_3": null
  }
}