{
  "operators": [
    {
      "nodeType": "onnx::Conv",
      "nodeAttributes": {
        "dilations": [
          1,
          1
        ],
        "group": 1,
        "kernel_shape": [
          3,
          3
        ],
        "pads": [
          1,
          1,
          1,
          1
        ],
        "strides": [
          1,
          1
        ]
      },
      "nodeInputs": [
        "input_0",
        "0_weight",
        "0_bias"
      ],
      "nodeOutputs": [
        "out_0_1"
      ],
      "nodeDType": [
        "Float"
      ]
    },
    {
      "nodeType": "onnx::Relu",
      "nodeAttributes": {},
      "nodeInputs": [
        "out_0_1"
      ],
      "nodeOutputs": [
        "out_1_2"
      ],
      "nodeDType": [
        "Float"
      ]
    },
    {
      "nodeType": "onnx::MaxPool",
      "nodeAttributes": {
        "kernel_shape": [
          2,
          2
        ],
        "strides": [
          2,
          2
        ],
        "pads": [
          0,
          0,
          0,
          0
        ],
        "dilations": [
          1,
          1
        ],
        "ceil_mode": 0
      },
      "nodeInputs": [
        "out_1_2"
      ],
      "nodeOutputs": [
        "out_2_3"
      ],
      "nodeDType": [
        "Float"
      ]
    }
  ],
  "initializers": {
    "0_weight": {
      "shape": [
        4,
        1,
        3,
        3
      ],
      "dtype": "Float",
      "data": [
        0.3287132978439331,
        -0.18754760921001434,
        0.03869621083140373,
        0.22688238322734833,
        0.05516930669546127,
        0.026603659614920616,
        0.321895569562912,
        0.29283401370048523,
        0.18465225398540497,
        -0.15167729556560516,
        -0.10211813449859619,
        -0.009935855865478516,
        -0.05609576031565666,
        0.10890381038188934,
        0.27580416202545166,
        -0.3194349706172943,
        0.042917411774396896,
        0.042691390961408615,
        -0.00797315500676632,
        0.1689760386943817,
        0.17579758167266846,
        -0.034168243408203125,
        -0.31258994340896606,
        0.21429622173309326,
        0.22257304191589355,
        0.2365104854106903,
        0.08687996864318848,
        -0.1101565808057785,
        0.11096128076314926,
        -0.2304469794034958,
        0.10952874273061752,
        0.18820683658123016,
        -0.332355260848999,
        0.17305974662303925,
        -0.15080015361309052,
        -0.2977113127708435
      ]
    },
    "0_bias": {
      "shape": [
        4
      ],
      "dtype": "Float",
      "data": [
        0.2683609127998352,
        -0.24329683184623718,
        0.2063812017440796,
        0.22538547217845917
      ]
    }
  },
  "inputs": {
    "input_0": [
      1,
      1,
      8,
      8
    ]
  },
  "outputs": {
    "out_2_3": null
  }
}