{
  "operators": [
    {
      "nodeType": "onnx::RNN",
      "nodeAttributes": {
        "hidden_size": 16,
        "input_size": 8,
        "num_layers": 1,
        "bidirectional": 0,
        "nonlinearity": "tanh",
        "has_bias": 1,
        "activations": [
          "TANH"
        ]
      },
      "nodeInputs": [
        "input_0",
        "RNN_W",
        "RNN_R",
        "RNN_B"
      ],
      "nodeOutputs": [
        "out_RNN_1"
      ],
      "nodeDType": [
        "Float"
      ]
    }
  ],
  "initializers": {
    "RNN_W": {
      "shape": [
        1,
        16,
        8
      ],
      "dtype": "Float",
      "data": [
        0.13716483116149902,
        0.010354846715927124,
        -0.020131856203079224,
        -0.039000004529953,
        0.06911513209342957,
        -0.024981409311294556,
        -0.2476123869419098,
        -0.126677006483078,
        -0.11098349094390869,
        -0.08463078737258911,
        0.1626719832420349,
        0.23767811059951782,
        0.1887470781803131,
        0.008968591690063477,
        -0.20305588841438293,
        0.13000917434692383,
        -0.17135441303253174,
        -0.19822397828102112,
        -0.1291104257106781,
        0.036719173192977905,
        -0.1313416063785553,
        0.1212581992149353,
        -0.10495099425315857,
        0.11185064911842346,
        0.0746757984161377,
        -0.24995020031929016,
        0.13625341653823853,
        0.05960345268249512,
        0.021676361560821533,
        -0.2427470088005066,
        0.006870776414871216,
        0.09874942898750305,
        0.0819607675075531,
        0.02827662229537964,
        0.0307772159576416,
        0.011634916067123413,
        -0.20922985672950745,
        0.1337893009185791,
        0.1706480085849762,
        -0.0909980833530426,
        -0.09039711952209473,
        0.12225723266601562,
        0.08665633201599121,
        -0.055273741483688354,
        0.19912204146385193,
        0.2086867094039917,
        -0.07080692052841187,
        -0.020044147968292236,
        -0.08492356538772583,
        -0.10773515701293945,
        -0.057172179222106934,
        -0.06192871928215027,
        -0.12469929456710815,
        0.026058435440063477,
        -0.025408297777175903,
        -0.16551867127418518,
        0.08739036321640015,
        -0.21622413396835327,
        0.07646191120147705,
        0.08607065677642822,
        0.23848184943199158,
        0.01887837052345276,
        0.0997704565525055,
        -0.07243403792381287,
        0.015578031539916992,
        -0.09251424670219421,
        0.12045469880104065,
        -0.14448216557502747,
        0.036844402551651,
        -0.06610849499702454,
        0.18563231825828552,
        -0.10504341125488281,
        0.17219769954681396,
        -0.22935467958450317,
        0.2003914713859558,
        0.07935678958892822,
        -0.07252228260040283,
        0.23918181657791138,
        0.10125377774238586,
        -0.023670703172683716,
        -0.08108162879943848,
        0.030438929796218872,
        -0.18141809105873108,
        0.07877478003501892,
        -0.0579913854598999,
        0.06952226161956787,
        -0.03435125946998596,
        -0.13119623064994812,
        -0.024210244417190552,
        0.042306214570999146,
        -0.11658048629760742,
        0.1984538435935974,
        0.0452234148979187,
        0.03364068269729614,
        -0.018182218074798584,
        -0.16052767634391785,
        -0.11890029907226562,
        0.10243463516235352,
        -0.013872325420379639,
        0.1909058690071106,
        -0.12740880250930786,
        -0.0017193853855133057,
        0.18109339475631714,
        0.18702638149261475,
        -0.19814500212669373,
        0.05687931180000305,
        0.1575450897216797,
        0.23342600464820862,
        -0.05755475163459778,
        -0.04118317365646362,
        0.18206658959388733,
        0.11947005987167358,
        0.04806432127952576,
        0.012185066938400269,
        -0.19273748993873596,
        0.08153018355369568,
        0.018372327089309692,
        -0.17226183414459229,
        -0.2210545837879181,
        -0.059286415576934814,
        0.20395100116729736,
        -0.16585510969161987,
        0.04823273420333862,
        -0.19356432557106018,
        -0.09771424531936646,
        -0.15326812863349915,
        -0.16355392336845398,
        0.2298201322555542
      ]
    },
    "RNN_R": {
      "shape": [
        1,
        16,
        16
      ],
      "dtype": "Float",