{
  "operators": [
    {
      "nodeType": "onnx::RNN",
      "nodeAttributes": {
        "hidden_size": 16,
        "input_size": 8,
        "num_layers": 1,
        "bidirectional": 0,
        "nonlinearity": "relu",
        "has_bias": 1,
        "activations": [
          "RELU"
        ]
      },
      "nodeInputs": [
        "input_0",
        "RNN_W",
        "RNN_R",
        "RNN_B"
      ],
      "nodeOutputs": [
        "out_RNN_1"
      ],
      "nodeDType": [
        "Float"
      ]
    }
  ],
  "initializers": {
    "RNN_W": {
      "shape": [
        1,
        16,
        8
      ],
      "dtype": "Float",
      "data": [
        -0.21879449486732483,
        0.07071855664253235,
        0.21303129196166992,
        0.21872356534004211,
        -0.08304649591445923,
        -0.24382391571998596,
        0.04782715439796448,
        -0.2464854121208191,
        -0.15405118465423584,
        0.01741918921470642,
        -0.0116671621799469,
        0.10343784093856812,
        -0.08372384309768677,
        -0.06842184066772461,
        0.09550777077674866,
        0.022403240203857422,
        0.24239957332611084,
        -0.055602073669433594,
        -0.037914276123046875,
        0.09193077683448792,
        -0.0650084912776947,
        -0.22466707229614258,
        -0.24133789539337158,
        0.2431543469429016,
        -0.14223769307136536,
        0.2189052700996399,
        -0.18176433444023132,
        0.05266958475112915,
        -0.12143421173095703,
        0.11248412728309631,
        -0.24357199668884277,
        0.1096796989440918,
        -0.13589340448379517,
        -0.24436131119728088,
        0.05906650424003601,
        0.12802913784980774,
        0.0954245924949646,
        0.19496798515319824,
        -0.18603655695915222,
        -0.053988903760910034,
        0.06480896472930908,
        0.14778751134872437,
        0.05007714033126831,
        -0.08636486530303955,
        -0.053524404764175415,
        -0.12861761450767517,
        -0.24529507756233215,
        0.21663236618041992,
        -0.2001878023147583,
        -0.05348813533782959,
        0.06079855561256409,
        0.15987059473991394,
        -0.13991954922676086,
        0.21162840723991394,
        -0.08273038268089294,
        -0.13090598583221436,
        -0.20357415080070496,
        -0.04966914653778076,
        -0.235477477312088,
        0.19983318448066711,
        0.22639411687850952,
        -0.007695823907852173,
        0.1082054078578949,
        0.13466429710388184,
        -0.06176307797431946,
        0.22332295775413513,
        0.1587589979171753,
        -0.22130456566810608,
        -0.20419663190841675,
        0.06314590573310852,
        -0.09036487340927124,
        -0.040895313024520874,
        -0.09221574664115906,
        -0.18719378113746643,
        -0.11552068591117859,
        0.018956631422042847,
        0.21455371379852295,
        -0.09221744537353516,
        -0.10995051264762878,
        0.24826368689537048,
        -0.17794805765151978,
        0.018184512853622437,
        0.12874621152877808,
        -0.09059223532676697,
        0.10328710079193115,
        -0.1169029176235199,
        0.05864977836608887,
        -0.20932334661483765,
        0.14494094252586365,
        -0.0980578064918518,
        0.18790480494499207,
        -0.12386667728424072,
        0.05425795912742615,
        -0.012975811958312988,
        -0.23424604535102844,
        -0.08788615465164185,
        0.1553860306739807,
        -0.009183496236801147,
        0.21081146597862244,
        -0.05759453773498535,
        0.19222372770309448,
        0.02425605058670044,
        -0.14221331477165222,
        0.18648642301559448,
        -0.2257882058620453,
        -0.2272220253944397,
        0.06393736600875854,
        -0.1776261031627655,
        0.08330172300338745,
        -0.03384131193161011,
        0.11308705806732178,
        0.0708942711353302,
        -0.08944553136825562,
        -0.0010478794574737549,
        -0.11020687222480774,
        -0.08883151412010193,
        -0.21986398100852966,
        0.015879809856414795,
        -0.0607224702835083,
        -0.21621257066726685,
        0.100149005651474,
        0.19986870884895325,
        -0.10538199543952942,
        -0.10695037245750427,
        -0.13352826237678528,
        -0.09109774231910706,
        0.17468738555908203,
        -0.163682222366333
      ]
    },
    "RNN_R": {
      "shape": [
        1,
        16,
        16
      ],
      "dtype": "Float",